taxa,tempo_resposta
1,0.840000002083103
5,0.841760613056229
8,0.886516280014272
10,1.10474066380139
11,1.65988284527033
