numero_servidores,tempo_resposta
50,0.84
30,0.840000000077006
20,0.840017937361566
15,0.840017937361566
11,0.907283480363013
10,1.0083040811971
